ELMNTKEY,SHAPE_LAT,SHAPE_LNG
1001,47.6027915167318,-122.334638158583
1002,47.6028556496416,-122.334408416641
1006,47.6037337935568,-122.33517847012
1009,47.6050107229326,-122.336670238888
1010,47.605274292805,-122.336587199304
1013,47.6063792695934,-122.337961096058
1014,47.6065309885017,-122.337775765294
1017,47.6104973923731,-122.341832042526
1018,47.6107565385056,-122.341900831995
1021,47.6121448929286,-122.344611134467
1022,47.6123878828877,-122.344646445284
1025,47.6143714240799,-122.348406985083
1026,47.6145398144133,-122.348291418258
1029,47.6164981740146,-122.352010298122
1030,47.6166733251306,-122.351875478409
1034,47.617547756645,-122.353376268333
1037,47.6215033881607,-122.355530506895
1041,47.6223033078158,-122.355523915113
1045,47.6243457870253,-122.355511264914
1046,47.6236655953224,-122.355301916241
1213,47.6013507900301,-122.334301495055
1214,47.6011918640448,-122.334058848853
1217,47.6003587358789,-122.334313367553
1218,47.600582331437,-122.334048993003
1222,47.5958179498233,-122.334040471448
1229,47.6119812804072,-122.319476633108
1233,47.6146560758954,-122.319573568428
1234,47.6147098481764,-122.319331156984
1277,47.6214616776606,-122.358129594671
1278,47.6215870396405,-122.357950158417
1281,47.6253460990593,-122.358116578775
1433,47.6641065886929,-122.316442786764
1434,47.6640149550199,-122.316237020513
1577,47.6097246399101,-122.316909436688
1578,47.6098805485488,-122.316649897162
1589,47.6158321548679,-122.316980842831
1590,47.6158859757804,-122.316730310661
1601,47.6604837709179,-122.31556496036
1617,47.6753520146317,-122.315767525599
1618,47.6754369510403,-122.315548354624
1821,47.6147470972343,-122.315609106006
2054,47.6149146437628,-122.312683566064
2085,47.6589517968528,-122.312119152952
2089,47.6637230313658,-122.312053105004
2090,47.6634886726305,-122.311866021104
2781,47.6156318557205,-122.348542581158
2782,47.6157289439104,-122.348331044363
2785,47.6166923325439,-122.35034794731
2786,47.6168519925324,-122.350211457843
2789,47.6178021917963,-122.35225586112
2790,47.6180099721782,-122.352169950963
2793,47.6203115481878,-122.352955489633
2797,47.6248659046263,-122.352919492045
2798,47.6249879734386,-122.352650830282
2921,47.6004739832943,-122.331714400581
2922,47.6005723282488,-122.331422368262
2925,47.599422819093,-122.331718416574
2926,47.5994632027627,-122.331430430804
2986,47.5997313087483,-122.329994464713
3081,47.6688837616804,-122.382238684639
3082,47.6690528088099,-122.382018789393
3337,47.6671837221588,-122.384844660637
3338,47.6670465912431,-122.384642274388
3341,47.6692268350419,-122.384865233963
3342,47.6691085440795,-122.384622162058
4437,47.6162164396778,-122.347529358574
4438,47.6164002300592,-122.347458339466
4441,47.6178531492896,-122.35030436115
4442,47.6179919075935,-122.350157161399
4445,47.6252766323749,-122.351599184057
4581,47.6228300308535,-122.360726838288
4582,47.6226101823215,-122.360549962058
5802,47.5575206761119,-122.286071757913
6197,47.6175537825186,-122.347839821389
6198,47.6176477528534,-122.347567556861
6357,47.6219172266166,-122.362048053997
6358,47.6218643635761,-122.361886563272
7250,47.6062092148061,-122.331355554669
7257,47.6140370355344,-122.339876589526
7258,47.614170416549,-122.339720304751
7261,47.6148254309933,-122.341240930159
7262,47.6149639620219,-122.341056394821
7265,47.6181309809103,-122.346820295746
7273,47.6258251944651,-122.347662658938
7274,47.6259415967012,-122.347377758792
7277,47.6266236844494,-122.347663894756
7278,47.6267214903529,-122.347484642348
7397,47.5971253731168,-122.327783091236
7398,47.5968672918765,-122.327565883542
7989,47.6096135792773,-122.333196062104
7997,47.6140624196271,-122.337961494436
7998,47.6143116810521,-122.337982582025
8001,47.6146635950406,-122.338996343226
8002,47.6150819630267,-122.339260396369
8005,47.6155644863128,-122.340537862283
8013,47.6258542188501,-122.345036140234
8018,47.6267042675052,-122.344858856982
8097,47.5996467852875,-122.32646809903
8098,47.5996053659521,-122.326249394508
8101,47.5963075115004,-122.326473253826
8102,47.5962415539261,-122.326270867465
8242,47.6058820246026,-122.327969903616
8249,47.6147357543167,-122.337077909297
8301,47.5979510594259,-122.32387678783
8302,47.5979315414639,-122.32364177845
8305,47.5971712436966,-122.323875739967
8306,47.5970118179034,-122.323637275469
8369,47.6055413590558,-122.326396464644
8370,47.6054851162851,-122.326092372998
8373,47.60600690379,-122.326808146596
8374,47.6062029168737,-122.326763472209
8377,47.6068473982052,-122.327572425514
8382,47.6076591230242,-122.328104980434
8389,47.6144693381045,-122.334784452232
8393,47.6177190191213,-122.340225714958
8394,47.6175874692025,-122.339553605196
8397,47.6182232319062,-122.341010412761
8398,47.6183624849734,-122.34085171655
8401,47.6235317262863,-122.341182543733
8402,47.6237443294155,-122.340925171008
8405,47.6266998371733,-122.341161844879
8406,47.6267287080204,-122.340885803565
8541,47.597909179738,-122.322563586935
8542,47.5979334338926,-122.322336515993
8601,47.605305044572,-122.324644875434
8609,47.6064475456813,-122.325690111948
8610,47.6067192009961,-122.325686093946
8614,47.6152755762127,-122.333691383622
8617,47.616057657674,-122.335335833749
8618,47.6162167653578,-122.335296893653
8622,47.6183341216319,-122.338873308605
8626,47.6259802829033,-122.339607982302
8829,47.6041250680321,-122.33890731507
8837,47.6131795722578,-122.352110060562
8841,47.6146209655477,-122.354560874945
8870,47.601393624927,-122.335691243965
9109,47.6649126709937,-122.381596885638
9110,47.6649159735282,-122.381284567567
9114,47.6653681370651,-122.381816475443
9141,47.6681840414858,-122.379921178641
9142,47.6682282849086,-122.379682772248
9145,47.6132993196114,-122.349062428451
9146,47.6130570380548,-122.349057874657
9149,47.6165652686478,-122.344864965877
9150,47.6162964674312,-122.344846368852
9157,47.6181487804941,-122.355728061261
9158,47.6180344827741,-122.355509643817
9277,47.6131372994202,-122.346976666835
9278,47.612945695233,-122.346922818821
9349,47.6117781440717,-122.346420075905
9353,47.6129376489416,-122.344919519907
9354,47.6129922351572,-122.344563447348
9357,47.6144320120239,-122.343008245296
9358,47.6141037216524,-122.343136784923
9393,47.621442435919,-122.335949594126
9394,47.6214526603958,-122.335754869946
9421,47.6109289810617,-122.32213410754
9422,47.6111261203999,-122.322075804951
9461,47.6170726045891,-122.320945433518
9462,47.6167242085006,-122.3207046752
9465,47.6178959800954,-122.320962663325
9469,47.6196059277397,-122.320989787344
9470,47.619465445528,-122.32074021844
9473,47.6204375698513,-122.321003062439
9474,47.6206308828002,-122.320758809525
9477,47.6247871664653,-122.321080834686
9478,47.6247333946409,-122.320813963534
9509,47.6624923421602,-122.314351355487
9673,47.6149712877531,-122.351852385722
9674,47.6147209439666,-122.351853093347
9677,47.6161552835169,-122.350342064052
9678,47.6160202778429,-122.350150397447
9697,47.6069349519154,-122.323979198565
9698,47.6069502898158,-122.323603272666
9702,47.6078034880945,-122.321597370234
9721,47.6167157028551,-122.351265225629
9722,47.6166650739288,-122.350964504738
9769,47.6049600532162,-122.331083484719
9770,47.6047744395614,-122.331141878088
10054,47.6226568562066,-122.342200018504
10153,47.6214500088725,-122.329243271026
10157,47.6246542981593,-122.329315258131
10161,47.6262939231562,-122.329379593699
10165,47.6274164429793,-122.329384478289
10209,47.6122201460175,-122.348699634013
10210,47.6126671740934,-122.349110555538
10213,47.6129284376504,-122.349896934878
10214,47.6131805936012,-122.349990582484
10217,47.6140606022543,-122.35180542448
10218,47.6142607526299,-122.351799107597
10221,47.6152712448974,-122.353853492524
10222,47.6153711507714,-122.353689795056
10277,47.6504840370959,-122.351397237836
10278,47.6503547363594,-122.35119505593
10281,47.6509675715604,-122.351413793146
10282,47.6509619425828,-122.351185840027
10797,47.6220633457094,-122.333494755477
10801,47.6220493229163,-122.331121248555
10802,47.621891280296,-122.330784500072
10869,47.6221436157287,-122.341608804825
10870,47.6219746685695,-122.341910051168
10873,47.6221371512235,-122.340594454525
10874,47.6219661946593,-122.340347259231
10877,47.6123597468689,-122.321893927093
10886,47.615798684258,-122.322021589774
11018,47.6104347992446,-122.330666184324
11105,47.6021582283395,-122.33307956501
11106,47.6019603137568,-122.333136488839
11118,47.6027778931312,-122.328840199962
11126,47.6054612264043,-122.3224375547
11129,47.6198403801496,-122.353410603915
11130,47.6196791681446,-122.353555632558
11133,47.6198152688413,-122.34812888814
11134,47.6196683706683,-122.34844211803
11138,47.619624976369,-122.340471573954
11397,47.6120922845485,-122.343716989771
11398,47.6119650120001,-122.343612296049
11590,47.6081654213826,-122.327696017407
11594,47.6085703570321,-122.326743085088
11598,47.6095789320169,-122.324347129588
11665,47.6055663826975,-122.331990167831
11669,47.6080125572401,-122.326119208281
11670,47.607866838348,-122.326128559949
11673,47.6089822537097,-122.323778102984
11674,47.6088663348324,-122.323762383024
11717,47.5996092147774,-122.325171314831
11718,47.5995651042502,-122.324936379508
11766,47.6244844151328,-122.355106367506
11770,47.6244729861405,-122.353581278425
11778,47.6244565288911,-122.337695104005
11782,47.6244599363963,-122.336394973459
11785,47.6243331530385,-122.331425823497
11786,47.6242074916376,-122.33125482347
11869,47.6094343772256,-122.323806722012
11870,47.6095649433787,-122.323663935435
11873,47.6100444376464,-122.32436444684
11874,47.6103888376521,-122.324436304342
11878,47.6144765928855,-122.328190247083
11881,47.619120037784,-122.333106351908
11882,47.6190003802348,-122.332846146192
12034,47.5942087237937,-122.333104161319
12046,47.6119632037884,-122.338864982281
12237,47.6026526872973,-122.335275625178
12238,47.6025502913395,-122.335002800696
12282,47.619244471408,-122.356633486677
12285,47.6226888538598,-122.356825984421
12289,47.6250025443622,-122.356827744034
12290,47.6252236178519,-122.356582773684
12401,47.5574990434497,-122.2849887934
12402,47.5575491191976,-122.284735863431
12537,47.6233052455447,-122.341411722329
12538,47.6231425939349,-122.341911807299
12541,47.6232779574803,-122.337749244042
12542,47.6231353227884,-122.33772808235
12545,47.6232808025035,-122.335015574236
12546,47.6231176279428,-122.3353207056
12549,47.6231954453438,-122.333591530629
12550,47.6230553490888,-122.333530234966
12601,47.676819575142,-122.317478358144
12673,47.6255165199688,-122.353512404713
12682,47.6250605748847,-122.333220810072
12685,47.6251666302009,-122.329580023756
12765,47.6055243997712,-122.33917580605
12769,47.6120377871972,-122.323648778268
12770,47.6117984658343,-122.32372777601
12869,47.6101648341557,-122.341634461868
12874,47.6105968902998,-122.340792114832
12878,47.6111376380822,-122.340082114816
12885,47.6166904401386,-122.333192716469
12886,47.6166159408067,-122.332992831233
12949,47.6107891090684,-122.323509931522
12950,47.6105859538355,-122.323081004301
12953,47.6119991282568,-122.324616590276
12954,47.6120939081871,-122.324474461264
12957,47.6127040059674,-122.325250537508
13045,47.6668696127548,-122.379715187575
13046,47.6669443310927,-122.379569807313
13057,47.6212784700974,-122.346382516568
13058,47.6212473926342,-122.346135420416
13061,47.6258558601044,-122.346352859626
13062,47.6258851591798,-122.346149849489
13082,47.6072227966749,-122.324627218147
13085,47.6091923947096,-122.326693615287
13093,47.6113971324874,-122.32866304812
13098,47.6167445081643,-122.334210489093
13101,47.6172669955809,-122.335328127724
13105,47.6204123730217,-122.337290451959
13109,47.62106681181,-122.33729733358
13110,47.6216770026078,-122.337036856066
13125,47.621013412853,-122.353382751206
13126,47.6208351256857,-122.353357811536
13129,47.6209773124241,-122.345687931457
13130,47.6208156392861,-122.345709460761
13134,47.6208030649583,-122.340720885371
13138,47.6207803106874,-122.334857150997
13142,47.6207536309905,-122.329743906882
13170,47.612155782393,-122.328590896405
13185,47.6080848946584,-122.335469526458
13189,47.608543725612,-122.334335580583
13190,47.608487140075,-122.333954822366
13197,47.6127041954682,-122.324352833291
13198,47.6125561658385,-122.324298283584
13209,47.655707377628,-122.313372963983
13210,47.6556885535966,-122.313170546137
13213,47.6587347954621,-122.313305731413
13214,47.658855300078,-122.313083412908
13261,47.6263302495401,-122.342944106455
13262,47.6261984451269,-122.342901040169
13293,47.6143709744933,-122.350990679757
13297,47.6182566158782,-122.34596355448
13298,47.6182033460922,-122.345684417759
13301,47.6115435819951,-122.34217544672
13302,47.6112724272279,-122.34220836984
13305,47.6134858589449,-122.339652480769
13306,47.6131763747086,-122.339751111422
13309,47.614041943013,-122.338933297698
13313,47.615571562461,-122.336939467995
13345,47.6151115824571,-122.348343779279
13346,47.6149524357444,-122.348280164298
13349,47.616455467146,-122.346640988332
13445,47.6193969937161,-122.354238238876
13509,47.6037496831881,-122.337042400072
13513,47.6068848455326,-122.339892113787
13517,47.6095492212024,-122.342612916972
13521,47.6130238481805,-122.348091646586
13526,47.6180675661851,-122.356250555188
13545,47.6144014287458,-122.337791419871
13546,47.6142878335068,-122.337497992281
13549,47.6203067254172,-122.338604059375
13550,47.6202933116596,-122.338324386605
13789,47.6193235907207,-122.330504847829
13790,47.6193650366761,-122.33032664856
13793,47.6202208779358,-122.330509497354
13794,47.620251466477,-122.330302860007
13798,47.6246451015786,-122.330461082861
13809,47.6018160817076,-122.335154362354
13810,47.6016628473701,-122.334968261827
14397,47.6119880181479,-122.319035057384
14398,47.6118431418934,-122.318926788376
14601,47.6305386049729,-122.327350632876
14674,47.6140195700931,-122.32403182116
14677,47.6141818644535,-122.317416731787
14678,47.6140116117358,-122.317454603721
14697,47.6153218687734,-122.322784016563
14698,47.6151517401511,-122.322745054665
14701,47.6153689344807,-122.313672780332
14702,47.6152178785536,-122.313752538865
14770,47.6230719118216,-122.320275979275
14949,47.6130510018937,-122.321220666293
14953,47.6130177688787,-122.31876112101
14954,47.6128585978889,-122.319148258264
16941,47.6583751837072,-122.312742989235
16942,47.6582441863065,-122.312795069446
16953,47.6599083932251,-122.317116805444
16954,47.6597783463842,-122.317245707034
17065,47.6631762721626,-122.315868465608
17066,47.6630336117978,-122.315599230307
17613,47.6798749990821,-122.324848836441
17614,47.6797474941947,-122.325116227851
17617,47.679963491563,-122.324121101043
17618,47.6798893462012,-122.323694321871
18166,47.6809007968221,-122.325575321376
18621,47.6695260197133,-122.383991842371
18622,47.6693677220907,-122.384240237137
19482,47.6685805931539,-122.378157984711
19485,47.6687674893019,-122.381054466087
19486,47.6685806143328,-122.380758889332
20185,47.5579238773543,-122.285526301462
20186,47.5577843598611,-122.285644248268
20833,47.5983746856986,-122.334591370963
20834,47.5982079898764,-122.334887375639
20837,47.5983737501709,-122.332289669226
20838,47.598209223109,-122.33226591789
20845,47.5984274392994,-122.323204995379
20846,47.5982746317387,-122.323411718333
21765,47.600950444085,-122.334910140839
21766,47.6007969457492,-122.334922962347
21773,47.600955909427,-122.329714140881
23622,47.6220639222683,-122.359607166355
23781,47.6246753014235,-122.357234353824
23782,47.6244961661121,-122.357745404562
23873,47.6233495612434,-122.357139917328
23874,47.6232069350798,-122.357120786196
23877,47.623353085204,-122.359788602107
23878,47.6232253733109,-122.36011718355
23881,47.6257874704683,-122.3573477391
23937,47.621008969365,-122.358765253278
23938,47.6208878014911,-122.358600017022
24033,47.6057833069047,-122.33737737046
24034,47.6056909671162,-122.337006718833
24037,47.6129448901603,-122.345976365058
24038,47.6130658688106,-122.345792951232
24041,47.6137495121945,-122.347350657312
24042,47.6139737003612,-122.347329745184
24045,47.6148751281382,-122.349240332789
24046,47.6150664210584,-122.349175829896
24050,47.6182542889008,-122.35458076156
24058,47.6195077065641,-122.355344189797
24222,47.5917276312071,-122.334028653868
24265,47.6202836557985,-122.358138340227
24266,47.6203707015845,-122.357943106492
24269,47.6239662210878,-122.358113015414
24270,47.6239300545644,-122.357922658219
24405,47.6147145028556,-122.318280580201
24406,47.6146656637079,-122.318036524338
24409,47.6159921721796,-122.318276754746
24410,47.6157530709045,-122.318053944246
24413,47.6168127948509,-122.318310230497
24417,47.6183422790667,-122.318334522517
24441,47.6566313544127,-122.316792329276
24442,47.6565382108275,-122.316612982195
24445,47.6590057647425,-122.316740135237
24446,47.6592768700693,-122.316517947977
24449,47.6601884689853,-122.316701109018
24553,47.6088592503716,-122.316909680253
24554,47.6086646198322,-122.316650219202
24557,47.6108747148748,-122.316937273883
24558,47.6109048127492,-122.316645367129
24569,47.614461220481,-122.316979351386
24570,47.6147423069041,-122.316708075935
24585,47.6576702362765,-122.315610518102
24606,47.6763904299243,-122.315561555066
24829,47.6134807802601,-122.314335903255
24830,47.6133247568465,-122.314104301288
24833,47.6148134400046,-122.314344439813
24834,47.6147273112142,-122.314148455067
25041,47.6626514974494,-122.312069646567
25042,47.6623840359709,-122.311822084454
25701,47.6084290503455,-122.338292182154
25702,47.6087998430977,-122.338307216691
25705,47.6112303790183,-122.341118111826
25706,47.6115202092599,-122.34118939195
25709,47.6133806886023,-122.344723387438
25710,47.6137578862186,-122.344973368771
25713,47.6143390090939,-122.34635383759
25714,47.6145062055291,-122.346255771974
25717,47.6160733035629,-122.349282934271
25718,47.6162716652315,-122.349230298664
25817,47.6215042787872,-122.359413534894
25818,47.621580488355,-122.359275051179
27277,47.6148575024181,-122.345261962538
27281,47.6166287209533,-122.348226786965
27393,47.6013747027061,-122.330363425973
27394,47.6011146758988,-122.330149625836
27398,47.6005707962686,-122.330147613974
27402,47.5993336199683,-122.330189718502
27429,47.6237066122553,-122.360728462762
28581,47.5582834838607,-122.286222172411
28946,47.6023314704779,-122.329335550323
28954,47.6156939032493,-122.344250474095
28957,47.6169175046898,-122.346763569754
28958,47.6171334237501,-122.346709869129
28961,47.6178988482548,-122.348411349426
28962,47.6181298865758,-122.348414106763
30101,47.6169427216528,-122.344785620711
30102,47.6171338019507,-122.344726981035
30697,47.6113944594818,-122.334823065875
30698,47.6116623519414,-122.334805939438
30701,47.6132397655167,-122.336594637737
30702,47.6133930498091,-122.336512187541
30705,47.6181154051183,-122.344825577312
30970,47.6139851407628,-122.33557923597
30974,47.6182528152698,-122.342827561668
31058,47.6151920280212,-122.335540257336
31062,47.6169632128451,-122.338497207869
31297,47.6101430448499,-122.329046376117
31302,47.617501496549,-122.337446366313
31310,47.6190485716831,-122.339671000036
31313,47.621493055326,-122.339881929642
31490,47.6089160522722,-122.344258110426
31493,47.6102929549977,-122.34703207434
31494,47.6103357589254,-122.346666024691
31498,47.6109452007991,-122.347684984771
31509,47.6035052834794,-122.337921634493
31541,47.6041392026306,-122.321243478391
31542,47.6039667388423,-122.321285947489
31582,47.6270945960589,-122.34781735212
31593,47.6272167985231,-122.340358236829
31849,47.6672668786013,-122.384360014326
31850,47.6669670249833,-122.383705847379
31853,47.667869467983,-122.385348678482
31854,47.6681528095833,-122.385437712757
31889,47.6145005096361,-122.347519256627
31890,47.61436753775,-122.34736806583
31893,47.6157506257318,-122.345891481739
32017,47.6123991451784,-122.347914848836
32018,47.6122960403763,-122.347746584317
32022,47.6136852531342,-122.345950404002
32026,47.6148317459626,-122.344472892185
32030,47.6155176211808,-122.343585696195
32049,47.6138528305148,-122.32452385942
32053,47.6156844302516,-122.324600077651
32054,47.6157077454393,-122.324357094795
32121,47.6204399928513,-122.335961870629
32122,47.6202887292245,-122.335760347995
32125,47.6227785255893,-122.335959018088
32126,47.6226408908521,-122.335724923161
32129,47.6239138866788,-122.335945789055
32130,47.6238952429778,-122.335714795912
32173,47.6134773494549,-122.323478903598
32177,47.615623944017,-122.323540722305
32249,47.6049496838626,-122.320876928932
32257,47.6101181226135,-122.320875799335
32258,47.6095854149454,-122.320631682527
32262,47.6103973904993,-122.32063309548
32265,47.6224139831199,-122.321034586535
32266,47.622681123263,-122.320795506878
32289,47.664300822585,-122.314329052981
32290,47.6633893832219,-122.314123968522
32297,47.6762175466743,-122.314428737474
32425,47.6155870977302,-122.351066104249
32426,47.615308572355,-122.351081809886
32429,47.6175488223781,-122.348508677489
32430,47.6174472623792,-122.348306084624
32433,47.6181380883957,-122.347751739327
32434,47.6179244781335,-122.347710327556
32461,47.6028301299806,-122.333832467629
32462,47.6027022499914,-122.333729752494
32466,47.6054184974231,-122.327244244071
32470,47.6059472342206,-122.326025878864
32489,47.6174080879801,-122.35037026473
32490,47.617275090596,-122.350176004374
32554,47.6066831744023,-122.326609134589
32849,47.6185844255188,-122.329895230979
32909,47.6214426518028,-122.342559389789
32910,47.6212932281178,-122.342195739995
32913,47.6316192283775,-122.342412882903
32914,47.631856316054,-122.34215941709
33005,47.6204401697656,-122.329281545559
33142,47.6194322095784,-122.334178621546
33146,47.6201810658189,-122.334182872262
33273,47.6509168797414,-122.350005578877
33274,47.6508488871633,-122.3497703905
33338,47.650974282123,-122.35045487196
33517,47.6220444040216,-122.332248474686
33518,47.6218935231257,-122.332225597988
33566,47.6168328937125,-122.322038353689
33673,47.6152802749911,-122.332736523038
33677,47.6177650431668,-122.329517374586
33733,47.6024952562757,-122.33228882189
33734,47.6024334913103,-122.33200454161
33741,47.6198199697794,-122.347158350258
33742,47.6196550010419,-122.347025943878
33745,47.6197462317273,-122.331130294022
33746,47.6195872460271,-122.331121354745
33989,47.6143212131567,-122.340850065402
33990,47.6142258081335,-122.34068260845
33993,47.618188050292,-122.335873920204
33994,47.6180691895014,-122.335666765819
34218,47.6066391428695,-122.331391332941
34293,47.6034462988191,-122.337059097669
34294,47.6032837122158,-122.337062299937
34301,47.603902417435,-122.336015931285
34305,47.6083582057814,-122.325284990468
34306,47.6082548835705,-122.325223729042
34386,47.6244335840434,-122.340615474361
34477,47.6080124616506,-122.322507975228
34481,47.610851771159,-122.325100578212
34482,47.6108787164954,-122.324874930336
34489,47.6179433539626,-122.332576519703
34501,47.6202279270527,-122.333092508137
34502,47.6201519196778,-122.332869054223
34505,47.6214971962861,-122.333107991092
34506,47.621330964288,-122.332867775967
34509,47.6226115886066,-122.333106409397
34510,47.6225272515687,-122.332882888375
34518,47.6263668575163,-122.332456101681
34569,47.6159382825013,-122.320116505607
34661,47.6130040394132,-122.336799322588
34837,47.6105537230736,-122.336117712158
34838,47.6103162006048,-122.336238674687
34845,47.6113062146866,-122.334280018734
34877,47.6203900171139,-122.331818718845
34878,47.6202895186533,-122.331562635956
34881,47.6214333271994,-122.331845705183
34885,47.6225339457059,-122.331832424516
34890,47.6245451069748,-122.331625767109
34937,47.6235674784889,-122.356826983655
35021,47.5584158312044,-122.285469153478
35022,47.5581820154803,-122.285062326976
35197,47.6232790873116,-122.336586780851
35198,47.6231243827982,-122.336288353372
35201,47.6232010174844,-122.331030494689
35202,47.6230416813115,-122.331146950985
35237,47.6605415483026,-122.317821048083
35242,47.6624156243764,-122.317343114678
35333,47.6255123029788,-122.352375116954
35337,47.6255006613515,-122.3485408925
35341,47.6254671038165,-122.345439815186
35342,47.625361563427,-122.345805567512
35345,47.625465998619,-122.344447662891
35417,47.6068141228676,-122.336096398488
35421,47.6073274017926,-122.334892753655
35422,47.6071959665043,-122.334767711036
35429,47.6097471515052,-122.329102400316
35430,47.6095964423465,-122.329031150916
35433,47.6100975420543,-122.328272419157
35434,47.6100987912923,-122.327845652149
35437,47.612332061566,-122.322902018351
35438,47.6123719334623,-122.32239513768
35501,47.6102948951499,-122.325379993438
35502,47.6102885834666,-122.325040548899
35506,47.6115955081989,-122.321922984835
35525,47.6139487121791,-122.336749115382
35526,47.6137634817217,-122.336681550383
35530,47.6178181419501,-122.331432525548
35681,47.6674527726258,-122.380408243423
35682,47.6675099663516,-122.380236988354
35693,47.6188319524262,-122.346459973952
35694,47.6192604832218,-122.346152129423
35705,47.6048366716754,-122.32191924304
35706,47.6047822972432,-122.321679195729
35717,47.6042017920547,-122.322077091615
35718,47.6042454693977,-122.321926401152
35730,47.6160687613078,-122.333048705187
35733,47.6190950809537,-122.33725760221
35745,47.6209505390377,-122.337686983748
35749,47.6208919549438,-122.332412315488
35750,47.620743898991,-122.332417491765
35794,47.6083660366855,-122.337625719477
35798,47.6094188233275,-122.335079304961
35821,47.6108628051479,-122.328739436131
35822,47.6107228279143,-122.328735049472
35825,47.6112788001685,-122.32776019463
35826,47.6111499755431,-122.327713652072
35829,47.6117297401626,-122.326720848487
35830,47.611642212697,-122.326521639998
35837,47.6547327864271,-122.313406582244
35838,47.6547356543087,-122.313187367165
35841,47.6564603085643,-122.313357274475
35842,47.6565454520006,-122.313148068251
35845,47.662763752475,-122.313224470451
35846,47.6625373880237,-122.312992552363
35849,47.6635337934759,-122.313200531777
35850,47.663562445286,-122.312984998583
35881,47.6263379165641,-122.341528953816
35886,47.6256308287463,-122.33787144474
35889,47.6260372023146,-122.331300214278
35890,47.6259123453798,-122.331716694829
35909,47.6120903810923,-122.341462793782
35941,47.6138618061898,-122.349959961617
35942,47.6136168299026,-122.350007580901
35945,47.6171735711456,-122.345697739299
35946,47.6169323129386,-122.34571323222
36009,47.6202656134243,-122.354271682418
36010,47.6203193934949,-122.353995509532
36013,47.6252673575812,-122.354190172119
36014,47.6251381771152,-122.353996571219
36093,47.6023567303459,-122.335796609337
36094,47.6024843194118,-122.335622552991
36097,47.6045194012525,-122.337751390358
36098,47.6046283575469,-122.337560293564
36101,47.60606635727,-122.339181038674
36102,47.6059519634894,-122.33880936297
36105,47.6077937971421,-122.34075206034
36106,47.608169337683,-122.340809320945
36109,47.6136533144246,-122.34916413951
36110,47.6138120227552,-122.349069154148
36113,47.6142261432035,-122.350101743862
36114,47.6143718100792,-122.350015466535
36117,47.6148188599926,-122.351103620262
36118,47.6149662842801,-122.351020331316
36121,47.6153791666848,-122.352051235047
36122,47.6154689871694,-122.351870533193
36125,47.6173597640234,-122.355451249432
36126,47.6174803846615,-122.355279507861
36134,47.6129467326663,-122.337231743143
36137,47.6158165465217,-122.338132377689
36138,47.6160121333706,-122.33780163891
36141,47.6172488901696,-122.338393137765
36142,47.6173428804126,-122.338102632789
36146,47.6181902578405,-122.33830262902
36149,47.6243335573379,-122.338570991334
36158,47.6284558728556,-122.340181940639
36162,47.6385175257291,-122.340674312105
36309,47.6793406470561,-122.324761558845
36310,47.6794674169734,-122.324529868589
36313,47.6801217094908,-122.324694737472
36357,47.6017782997144,-122.327955232151
36358,47.6016446030181,-122.328304215398
36490,47.6079518645009,-122.310901530792
36493,47.6080974795694,-122.309653418296
36494,47.6079554242069,-122.309783947551
36646,47.6799279143594,-122.325617127496
36674,47.6782231364639,-122.327968645939
36678,47.6786523016842,-122.3264160069
36813,47.6062447611931,-122.30975880429
36814,47.6061062296636,-122.309420132204
37134,47.6139833982162,-122.322759349115
37137,47.6141691636269,-122.319971044831
37138,47.6139951318568,-122.320154814234
37141,47.6142067549861,-122.314666113425
37142,47.6140357335121,-122.314813087552
37174,47.6151393728339,-122.325959492548
37177,47.6153161164493,-122.323890487685
37178,47.6151570218671,-122.323904670699
37181,47.6153296983273,-122.321815833682
37185,47.6153468817928,-122.32014286887
37186,47.6151734632002,-122.32024102785
37189,47.6153401875507,-122.316127666631
37190,47.6152046131018,-122.315907344997
37437,47.6130237157469,-122.319909660668
37438,47.6128716320795,-122.320099237038
37821,47.6507585012539,-122.350889639709
37822,47.6505812690113,-122.350794693869
39293,47.6554128344479,-122.312494689749
39329,47.6569450073502,-122.316059602765
39330,47.6567897459309,-122.316144851723
39333,47.6569340919187,-122.314929822184
39334,47.6567807163557,-122.315057259498
39337,47.6569045324057,-122.31295690167
39338,47.6567619834885,-122.312746589675
39377,47.6584030127774,-122.314850810121
39378,47.6582640748864,-122.314696694435
39485,47.663158316508,-122.312820721616
39486,47.6630442648785,-122.312591216724
39945,47.6792211445274,-122.324073593172
39946,47.679080894219,-122.324033868026
41030,47.6700962718633,-122.385347508065
41721,47.6687723089169,-122.385471387667
41722,47.6685855260997,-122.385100654862
41725,47.6687582431064,-122.388936529
41726,47.6685875266273,-122.389121686682
42961,47.5992910567369,-122.32436791889
42962,47.5990958488782,-122.324029202949
43054,47.5982113763628,-122.33364976395
43057,47.5984237155184,-122.327225405042
43058,47.5982861697481,-122.32692648776
43118,47.5966036934743,-122.325489829375
43121,47.5967551284463,-122.324181491178
43193,47.6001187786137,-122.331185801307
43197,47.6001146670619,-122.328394807687
43905,47.6009617633364,-122.333427605351
43910,47.6007896879029,-122.326904064857
43913,47.6009465873493,-122.325778743312
43914,47.6007872594416,-122.325609371677
43941,47.5975951586089,-122.326788088409
43942,47.5974367150235,-122.327266373212
43945,47.5975876898676,-122.32220122453
43946,47.5974286199327,-122.322173780069
45825,47.6221909205927,-122.361120162071
45826,47.6220576729713,-122.361324409715
45973,47.6246775410298,-122.358645676028
45974,47.6244991330065,-122.358586411432
46082,47.6232310178413,-122.358548088741
46245,47.6083046014914,-122.339684123912
46246,47.6082373179562,-122.339336575873
46250,47.6093742159454,-122.340366984173
46253,47.6114540516545,-122.343449172895
46254,47.611508718013,-122.343141399657
46258,47.6205022829429,-122.355335999984
46409,47.5974145003989,-122.334341662106
46410,47.5978503034821,-122.334041468532
46457,47.6227400739799,-122.358115453309
46458,47.6225042093519,-122.357938837646
46725,47.6065751065637,-122.31690197712
46726,47.6066188456054,-122.316658739176
46729,47.6071940565935,-122.316901778169
46730,47.6071693482164,-122.316658558379
46761,47.6591614786162,-122.315567266208
46765,47.6617609563089,-122.315535902238
46766,47.6622522344972,-122.315263355748
46917,47.6138792027791,-122.315647922918
47213,47.6520931236801,-122.313629433598
47225,47.6601542877113,-122.312087424443
47958,47.6027516606767,-122.332774865674
47961,47.6038996765997,-122.334144006965
47962,47.6040927689519,-122.334001254318
47966,47.6064067659455,-122.336122627372
47969,47.6096696074804,-122.339422333186
48077,47.623732486686,-122.359417659076
48078,47.6236935538873,-122.359259824281
48081,47.6252283695059,-122.359426257241
48125,47.6005638518592,-122.331109912334
48213,47.6683342593065,-122.382252222152
48214,47.6683149754239,-122.38200873393
48449,47.6680319929739,-122.38488351788
48450,47.6680703656635,-122.384607544952
48770,47.6691034493135,-122.387415959666
49649,47.6132987039366,-122.34261898815
49650,47.6135134307512,-122.342551007695
49653,47.6141040595589,-122.343987245985
49654,47.6144018605243,-122.344059770215
49657,47.6157123457805,-122.346676530263
49658,47.6159357078354,-122.346672488904
49813,47.6212156712431,-122.360705983048
51470,47.6052294347529,-122.331971471557
51473,47.6063862580559,-122.333363369308
51474,47.6063946211586,-122.333051605936
51477,47.6077969591736,-122.334610067763
51478,47.6077967761981,-122.334333365141
51485,47.6125855552706,-122.339435311164
51489,47.6148206689437,-122.343216242052
51490,47.6150900185818,-122.343253048648
51493,47.619069847175,-122.349055445585
51494,47.618961521551,-122.348785668433
52521,47.6134001286433,-122.338799291161
52522,47.6135426480175,-122.33863382351
52525,47.6163541437468,-122.343798483276
52526,47.616507812882,-122.343677025804
52529,47.6175518078424,-122.345815465851
52530,47.6177229226217,-122.345722940749
53125,47.6162162103895,-122.341621176369
53126,47.6163753411212,-122.34145299006
53129,47.6170108281651,-122.342967471517
53133,47.6193615273458,-122.345164600525
53134,47.6188426794771,-122.344847912885
53137,47.6202565143505,-122.345153160134
53138,47.6201389945855,-122.344828679615
53145,47.625274106786,-122.345048145259
53146,47.6251230373041,-122.344854710727
53237,47.5987434133353,-122.32646365417
53238,47.598684289074,-122.326261232793
53241,47.5971491809485,-122.326469899327
53242,47.5970722998645,-122.326267553878
53422,47.6132307519041,-122.334719821842
53429,47.6154707558364,-122.338363082533
53430,47.6156413350592,-122.338325066068
53433,47.6168519182908,-122.3407609435
53434,47.6171878064908,-122.340848538224
53549,47.6278719613364,-122.341139777764
53550,47.6276962341391,-122.340856085215
53797,47.6139296085943,-122.332538004505
53805,47.6168659226456,-122.336708582521
53806,47.6169910211941,-122.336606029306
53810,47.6235420958368,-122.339643203714
54009,47.6122398972476,-122.35031824548
54010,47.6119619177103,-122.34943925788
54022,47.6004454921451,-122.335435790007
54037,47.6037062774783,-122.322248071402
54038,47.6035777499232,-122.322216289736
54073,47.6269255765137,-122.331483239244
54074,47.6267942110204,-122.331425470556
54410,47.6181634278442,-122.340184073685
54449,47.6145618132881,-122.324589733409
54450,47.6145988887651,-122.32433883246
54513,47.61227462005,-122.345782044159
54514,47.6122683000688,-122.345510251852
54606,47.6103989419339,-122.321407386747
54609,47.6124979271196,-122.3235469714
54610,47.6125306957856,-122.323352969348
54669,47.6167824232196,-122.352875812095
54673,47.6180688511016,-122.351180188392
54722,47.6123853997925,-122.320623750564
54725,47.6147885980564,-122.320917304012
54729,47.6158990115222,-122.320947010252
54730,47.6159446242229,-122.320692284108
54733,47.6216995273852,-122.321027301619
54734,47.6215809117088,-122.320761829646
54737,47.6237692633223,-122.321068270434
54738,47.6239137521742,-122.320798860052
54741,47.6254097123883,-122.321442703675
54754,47.61182621122,-122.319787100647
54765,47.6576156977232,-122.314489600551
54766,47.6575146037236,-122.314277163839
54953,47.6169509810521,-122.349313846175
54954,47.6166260754907,-122.34936759293
54985,47.6181056510597,-122.349441492549
54986,47.6180378684477,-122.349222151391
55025,47.6073905222629,-122.325264072605
55026,47.6071370171767,-122.325515880796
55029,47.6077144353919,-122.32445859701
55030,47.6076010250502,-122.324421475925
55369,47.6195176036076,-122.34255971371
55370,47.6192807528916,-122.342229271431
55373,47.6203881844682,-122.34256441986
55374,47.6201760274197,-122.342209400766
55377,47.6238272550547,-122.342540053707
55409,47.6019931166876,-122.329796411353
55410,47.601918588095,-122.329623015231
55429,47.6173740242546,-122.354401531015
55430,47.6173729540487,-122.35410151999
55449,47.6224961316161,-122.329290336509
55453,47.631920106552,-122.326389422854
55454,47.6310612398697,-122.326850279321
55473,47.6115054733503,-122.345722120297
55474,47.6112735704073,-122.345458984733
55637,47.6214943206599,-122.334462015406
55638,47.6214361969563,-122.334173793707
55641,47.6226669260545,-122.334455529942
56073,47.6221372764843,-122.339212551576
56074,47.6219513649401,-122.339349795124
56082,47.6219131472167,-122.329853546727
56149,47.6147399964498,-122.322008422412
56150,47.6146671719079,-122.322234289818
56241,47.6171359878456,-122.330321735628
56246,47.6121970560287,-122.329940261238
56345,47.6198252572581,-122.345588917079
56346,47.6196393536138,-122.34573207577
56349,47.6198126310566,-122.342829344308
56350,47.6196343788185,-122.342954762592
56353,47.6198128646739,-122.341677532749
56354,47.6196295867135,-122.34178444047
56357,47.6197765204542,-122.337720977534
56358,47.6196278740723,-122.337568256077
56362,47.619652880591,-122.336249596387
56653,47.6681400256794,-122.384050868863
56654,47.6674238662346,-122.382822892779
56682,47.6114200316843,-122.344311976198
56685,47.6149187677575,-122.340071889814
56686,47.6146196873702,-122.340167791468
56690,47.6159861475214,-122.338410798886
56694,47.6168786678005,-122.337246495415
56901,47.6044365085529,-122.337044653874
56902,47.604372464122,-122.336820223582
56910,47.6104570294168,-122.322216462367
56977,47.6052438966034,-122.332761346381
56982,47.6074444107418,-122.327177299289
57017,47.5971376860704,-122.32516078789
57018,47.597104463797,-122.324974478719
57077,47.6246697366352,-122.350724821222
57190,47.6073854146559,-122.321706529458
57193,47.6172492490809,-122.331403599012
57194,47.6171976582449,-122.33099626385
57197,47.6237769113496,-122.333117361429
57198,47.6236817019375,-122.332889706476
57201,47.6256110102484,-122.332683212887
57202,47.625636435468,-122.332448202325
57269,47.6180854514672,-122.320142613539
57349,47.6013081739736,-122.332984628972
57350,47.6014198834102,-122.332765346215
57353,47.5988066104036,-122.332989192777
57354,47.5986886905555,-122.332770737959
57377,47.6125332590781,-122.3379451205
57513,47.6123825156322,-122.331645307202
57518,47.6130480915675,-122.329658671177
57549,47.6237406524022,-122.331839833478
57550,47.6236988798876,-122.331604379865
57574,47.6013995342303,-122.329749675159
57861,47.6233540167181,-122.356151667548
57874,47.6230782531716,-122.329870087783
57898,47.6588197602814,-122.317670940949
57902,47.6640927927123,-122.317307391288
57914,47.6752936675333,-122.317261701218
58077,47.6064037693827,-122.337077806389
58078,47.6062836070839,-122.336948923151
58081,47.6082791099586,-122.332611504666
58085,47.6112004411816,-122.325650797152
58086,47.6110430335165,-122.32558784404
58177,47.6067386887268,-122.333943002239
58182,47.6083095952631,-122.329779727347
58185,47.6089803292406,-122.328553342208
58186,47.6087828938862,-122.328624689316
58193,47.6099265879863,-122.326275977416
58194,47.6097420598196,-122.326347214816
58197,47.6107757520079,-122.324253301316
58198,47.6105784502043,-122.324331957971
58222,47.6146862058484,-122.33548357603
58225,47.6173617219529,-122.33232991339
58226,47.6173409002713,-122.33205520562
58337,47.6138502064942,-122.325597504297
58382,47.6203455192118,-122.346163185866
58393,47.6020737100957,-122.328547935031
58401,47.6049504813989,-122.322760933486
58402,47.604970804482,-122.322588908479
58409,47.6063386037036,-122.324048013888
58413,47.6083877292331,-122.325920547675
58414,47.6085454472521,-122.325812037881
58421,47.6223159432896,-122.337279080467
58422,47.6229715372562,-122.337014446956
58437,47.6210148177197,-122.354553421875
58445,47.6209530433716,-122.339055778487
58446,47.6207939941134,-122.339044927994
58449,47.620945759371,-122.336475994059
58450,47.6207735065034,-122.336592911068
58453,47.6209003588476,-122.333346727854
58454,47.62074549692,-122.333968484415
58474,47.6089279770238,-122.336236170253
58489,47.6062536287082,-122.339709524877
58490,47.6061880733926,-122.339573391767
58493,47.6070799755577,-122.337772864996
58494,47.6069805899865,-122.337686798467
58498,47.607396476674,-122.336653049541
58501,47.6089443683167,-122.333386614575
58513,47.6579329062672,-122.313318648812
58514,47.6579441614769,-122.313115433555
58569,47.6263221462004,-122.344324373302
58574,47.6256618057841,-122.335354734551
58609,47.6137576441159,-122.351785350805
58610,47.6136463312958,-122.351584280845
58613,47.6150425692986,-122.350121540674
58614,47.6148951466908,-122.349967523536
58617,47.6155569368753,-122.34943501061
58618,47.6155033097706,-122.34920283348
58621,47.6163435484584,-122.348413306553
58622,47.6162553732494,-122.348214960372
58629,47.6106087941795,-122.343341181751
58641,47.6166689613096,-122.335519878967
58646,47.6180670692975,-122.333399190218
58677,47.6131882454442,-122.350831261492
58681,47.6144446504831,-122.349205787968
58682,47.6143420421275,-122.349069200394
58685,47.6157896664058,-122.34747896346
58686,47.6155374194412,-122.347514025475
58797,47.6031354478301,-122.336485098609
58798,47.6032164625831,-122.336268446441
58801,47.6052906872857,-122.338461740101
58802,47.6053981566396,-122.338274050588
58805,47.6109200151453,-122.344528316008
58806,47.6109856153052,-122.344287935511
58809,47.6115522818461,-122.345592397176
58810,47.6116119451458,-122.345329895518
58813,47.6158153144505,-122.352789848225
58814,47.6159124731389,-122.352621502855
58817,47.6167065683029,-122.354343962845
58818,47.6166333202742,-122.353831301015
58829,47.6194336763457,-122.338611345212
58833,47.6213430790108,-122.338591250073
58846,47.6350063495511,-122.340081377467
59013,47.68074223121,-122.324947886627
59014,47.680845682076,-122.324813851369
59038,47.6224764678796,-122.330322032714
59041,47.6237947173651,-122.330537659454
59042,47.6236244235859,-122.330337532305
59045,47.6264108018365,-122.330925142455
59046,47.6263375841272,-122.330754239532
59049,47.6018244117317,-122.334644352509
59058,47.6016442472286,-122.333214199678
59062,47.6016460425888,-122.332578691552
59166,47.6079835162991,-122.320308872049
59246,47.6187009874075,-122.319013034498
59374,47.6805883727277,-122.325869073823
59702,47.6115604573455,-122.319612840314
59945,47.6199802535876,-122.321850662143
59954,47.6140116793418,-122.325039730569
59958,47.613993384374,-122.321555669236
59961,47.614171938749,-122.318809294474
59962,47.6140083768822,-122.318677370316
59965,47.6141908207676,-122.316149837531
59966,47.6140265383377,-122.31611902061
59994,47.6151343667588,-122.327317304203
59997,47.6153078041239,-122.326253750591
60005,47.6153554034774,-122.318994047859
60009,47.615360326468,-122.317544907026
60010,47.615192897941,-122.317570608502
60013,47.6153538139073,-122.314558939803
60014,47.6152073632149,-122.314722521202
60182,47.6210196869619,-122.32146424751
60222,47.6129221731914,-122.325853372394
60225,47.6130471892486,-122.322631315535
60234,47.612841120597,-122.317490499642
62005,47.6584342198964,-122.317474981206
62006,47.6583002506145,-122.317276157674
62009,47.6584196564265,-122.316016921775
62010,47.658278470699,-122.316134216333
62033,47.659862539187,-122.31284598914
62034,47.6597285929067,-122.312423435504
62093,47.6631825268228,-122.316997464507
62437,47.6750507588829,-122.316111517549
62438,47.6749081757202,-122.316423390996
63125,47.6527008780792,-122.316675993036
63126,47.6528427672922,-122.317200163807
63130,47.6559120000222,-122.312612716135
64317,47.6687651400219,-122.379490460388
64318,47.6685784705982,-122.3793227103
64322,47.6685873410271,-122.386976521067
65041,47.5579150144697,-122.284260588409
65042,47.557785831144,-122.284139985166
65545,47.5992825647104,-122.334762897688
65546,47.5991262113064,-122.334710821105
65801,47.6001191493649,-122.334762790433
65802,47.5999716187742,-122.335090749221
65805,47.6001234222332,-122.333767775291
65806,47.5999628699441,-122.332351076653
65813,47.6001179197216,-122.326922971564
65814,47.5999537869072,-122.32715404288
65817,47.600116829407,-122.324510354869
65818,47.5999354093681,-122.324232135678
66613,47.5975933209521,-122.325564325769
66614,47.5974348166169,-122.325864830268
66617,47.5975967686494,-122.324436480942
66618,47.5974269785839,-122.32453228676
66622,47.5974156828188,-122.323174278541
68494,47.6220502412675,-122.358825609372
68549,47.6198450899375,-122.357453558299
68550,47.6197053337595,-122.357467109961
68553,47.6198472762211,-122.358532983009
68554,47.6197167142144,-122.358764668945
68829,47.6209904934262,-122.357449755335
68905,47.6020370672278,-122.334298912713
68906,47.6021788212522,-122.334055127056
68910,47.607496076583,-122.338658617239
68914,47.6101110071448,-122.341050600941
68917,47.6154203621131,-122.350174644515
68921,47.6160493252888,-122.351238141854
68922,47.6162252288843,-122.351129121938
69081,47.5995331303739,-122.334304367744
69082,47.5997213804248,-122.334060480567
69085,47.5987867718665,-122.334323328164
69086,47.5987863139159,-122.334051767638
69089,47.6125417631342,-122.31951805582
69090,47.6124760195845,-122.319272773288
69093,47.6132571998985,-122.319563708825
69094,47.6134145917141,-122.319309947661
69098,47.5953041501415,-122.334028447792
69133,47.6193795044426,-122.358145329446
69134,47.6194500542971,-122.357966296564
69277,47.6125547213298,-122.318223928896
69278,47.6125778771876,-122.31798753997
69281,47.6137021094198,-122.318264433054
69282,47.6131183970873,-122.317983459736
69297,47.6569672402826,-122.316764444892
69298,47.6572956068436,-122.316579196745
69301,47.6579328537399,-122.316766296502
69302,47.6580840293362,-122.316556047421
69305,47.662492215619,-122.316520338136
69306,47.6625318047319,-122.316310372331
69437,47.6076950508337,-122.316901617497
69441,47.6118715581191,-122.316930507538
69442,47.6119275367955,-122.316660939984
69445,47.6136221074033,-122.317014505518
69446,47.6135079872936,-122.316700310854
69485,47.6565785462199,-122.315647311416
69489,47.6642000122687,-122.315365930258
70501,47.6065124591724,-122.309037147072
70725,47.6019940619706,-122.332406462477
70730,47.6050750163689,-122.334899630772
70734,47.6055586252105,-122.335341982969
70737,47.6069190193674,-122.336901157744
70738,47.6069629450717,-122.336626720968
70741,47.6104100022746,-122.340104558435
70742,47.610681516535,-122.340024033766
70745,47.6118962530903,-122.342247121699
70746,47.6123054822502,-122.342520323423
70750,47.6130054862517,-122.343713170153
70753,47.6150645200189,-122.347570605776
70754,47.6152568976422,-122.347526375405
70757,47.6171014500957,-122.351039885049
70758,47.6174562326286,-122.351233430593
70762,47.6192324312918,-122.352704637746
70865,47.5987744900025,-122.331704799452
70866,47.5987330673053,-122.331441486157
70897,47.6206526940173,-122.359440611896
70898,47.6203647451526,-122.359248240965
70901,47.622733392797,-122.359404596368
70902,47.6227001608727,-122.35926694017
71289,47.6697391634244,-122.384860299013
71290,47.6697364163387,-122.384620836806
71574,47.6697801369345,-122.387449302034
72329,47.6174373998777,-122.349594838596
72330,47.6174391060779,-122.349215779994
72482,47.6251018628556,-122.36052705976
74025,47.6132473324567,-122.340542541331
74026,47.6135021160067,-122.340579317671
74029,47.6142008320427,-122.342161562065
74030,47.6144684315739,-122.342189160457
74034,47.6165686271385,-122.345742339433
74042,47.6239035166716,-122.348813286636
74149,47.6227678790537,-122.362036725336
74150,47.6225756175908,-122.361855574483
75149,47.6025387176212,-122.328269991827
75153,47.6066988498686,-122.332055816387
75169,47.6155427131526,-122.34245458039
75170,47.6157516086035,-122.342389158295
75173,47.6203419279613,-122.347727533067
75201,47.6252591827943,-122.347703881577
75202,47.6249493451839,-122.347393069726
75282,47.5979264711555,-122.327571663593
75769,47.6059137916884,-122.329811988578
75781,47.6106209107112,-122.334116239966
75785,47.6177043220142,-122.344112685794
75786,47.6178859104131,-122.344025623451
75865,47.5980525250298,-122.326470426228
75866,47.5979452585401,-122.326256024569
76033,47.6048820220087,-122.327333916623
76034,47.6050222257843,-122.327214292935
76038,47.6071462040158,-122.329162463099
76042,47.6077803374077,-122.329747282918
76053,47.6160733441238,-122.339400669131
76054,47.6163359858355,-122.339389179666
76058,47.6177066320766,-122.341720138547
76101,47.5997000094721,-122.32388584112
76102,47.5995833516292,-122.323618789248
76105,47.5987530252463,-122.323877623755
76106,47.5986017613416,-122.323626994662
76186,47.6090993119128,-122.32943664792
76193,47.6161745813708,-122.33752685815
76197,47.6202710100105,-122.341199341517
76198,47.620612387564,-122.340965271539
76201,47.6226383875274,-122.341186600875
76202,47.6225825145001,-122.340935697601
76357,47.5971225850821,-122.322591123164
76358,47.5970864297731,-122.322315667552
76398,47.6030932259538,-122.322373817978
76405,47.6072299752808,-122.326411068298
76406,47.6074471017346,-122.32634281362
76409,47.6079597993872,-122.327093296509
76410,47.6080929771681,-122.326929125239
76413,47.6087838967904,-122.327846844217
76414,47.6088308449287,-122.327603814185
76417,47.6094070101603,-122.328416329764
76430,47.6203887193445,-122.339667456212
76434,47.6227076716767,-122.339649731926
76621,47.6097136337544,-122.346043714618
76622,47.609799879174,-122.345757188324
76625,47.6136168838933,-122.352900774594
76626,47.613788982424,-122.352742081415
76654,47.5988505586741,-122.33540577673
76710,47.6270900480876,-122.346504641217
76713,47.6271867290679,-122.342691089765
76714,47.6270946037165,-122.342919155529
76717,47.6272090507106,-122.34137328153
76718,47.6270594176056,-122.341700118851
76721,47.6269360181604,-122.32997051312
76961,47.6658783113791,-122.382728746636
76962,47.6660428910561,-122.382611489891
76985,47.6151706242044,-122.346668635564
76986,47.614996434279,-122.346527694004
76989,47.6170662342775,-122.344244432
76990,47.6170213511543,-122.34394249499
77118,47.6141976756068,-122.345309214953
77121,47.6163630525693,-122.342723363411
77126,47.6169556087235,-122.341746540483
77217,47.6137373026437,-122.343906981714
77218,47.6135109438825,-122.343892682901
77221,47.6149094303643,-122.342374583445
77222,47.6149270582581,-122.342071765169
77225,47.6156807912837,-122.341387834638
77229,47.6162133534467,-122.34068817786
77262,47.618318303267,-122.334864883929
77265,47.6189677871707,-122.336010423214
77313,47.6116997206591,-122.322804183216
77317,47.6144501746182,-122.323495288509
77370,47.613764364139,-122.320637478915
77382,47.6124801625862,-122.31979111735
77389,47.6588661632937,-122.31445064848
77390,47.6588718408305,-122.314239458379
77393,47.6607605788359,-122.314402885934
77545,47.6034048116314,-122.332474624951
77546,47.603161889177,-122.332646817045
77549,47.6038373613606,-122.331425539978
77550,47.6036778439653,-122.331398431734
77557,47.6064484306702,-122.325143033721
77558,47.6064264596026,-122.324856361976
77562,47.6073485566123,-122.322634717896
77569,47.6154312111643,-122.352915299061
77570,47.6153229257285,-122.352710636149
77573,47.6161358208113,-122.352004095732
77574,47.6161291654743,-122.351694950859
77609,47.6044322679035,-122.33234497733
77610,47.6044580469788,-122.3318981095
77613,47.605363161379,-122.33013513956
77618,47.6062116649303,-122.327744185781
77982,47.6269172290081,-122.342190683602
77985,47.6288833097042,-122.342436830384
77986,47.628572623146,-122.342188143779
77989,47.6301876923852,-122.34242518156
77990,47.6300363205485,-122.34217508188
77993,47.6310086033404,-122.342418049666
77994,47.6310268055653,-122.342166440277
78041,47.6179908984769,-122.353615673174
78042,47.6179363335231,-122.353363126468
78065,47.6183179514864,-122.329259801745
78069,47.6189887675577,-122.329268624043
78073,47.6233932974338,-122.329295935283
78098,47.6571350499224,-122.316782926022
78117,47.6135716337992,-122.351021228826
78118,47.6137858795076,-122.350964784501
78122,47.6148035496734,-122.352704359223
78265,47.6276029597936,-122.332456370055
78266,47.6274544758339,-122.332356681389
78269,47.6282532777939,-122.331631971335
78270,47.6280738242891,-122.331570736331
78273,47.6290210679251,-122.330658330312
78702,47.6219595258354,-122.337852843539
78705,47.6221097375103,-122.335107274942
78781,47.6221511356082,-122.342929404391
78933,47.6158578125756,-122.33198197676
78937,47.6164790404749,-122.331182649717
79014,47.6051120332512,-122.323303027515
79021,47.6198183870786,-122.344426665341
79022,47.6196323114657,-122.344470459971
79025,47.6197869240645,-122.338980572533
79026,47.6196242332015,-122.33944934277
79029,47.6197427474819,-122.333555105047
79030,47.6195838944155,-122.333624798476
79033,47.6197483553853,-122.332449997891
79034,47.6195841609544,-122.332337733282
79041,47.6197599167185,-122.329864815725
79042,47.6195912544891,-122.32997311611
79354,47.6126752522591,-122.342688400643
79358,47.6134874091006,-122.341632493336
79362,47.6154018341676,-122.339156071321
79365,47.6177042361018,-122.336507726523
79558,47.6040505264251,-122.337587803493
79566,47.605423222084,-122.334306033564
79570,47.6061569524436,-122.332551381576
79574,47.6071956028794,-122.330030316072
79578,47.6090281712067,-122.325663864494
79649,47.6047403961197,-122.333966482838
79653,47.6062129196992,-122.330468290232
79654,47.6059775443645,-122.330607163549
79657,47.6071475439878,-122.328241387289
79658,47.6069686129164,-122.328229864592
79674,47.5987190806181,-122.324972018229
79677,47.5979285546589,-122.325177893225
79678,47.5979363154674,-122.324942781752
79681,47.5962153895884,-122.325168365256
79741,47.6145168156967,-122.328013777022
79742,47.6145697792173,-122.327793892116
79766,47.6244926063734,-122.355980247582
79778,47.6244562761552,-122.3388921469
79785,47.6243308427532,-122.332305647859
79786,47.6241987294782,-122.332503566426
79789,47.6243374063126,-122.329790159928
79790,47.6242220089705,-122.329888806346
79881,47.6115837934939,-122.32576300761
79882,47.6116436882825,-122.325588981903
79885,47.612584893994,-122.326704852253
79886,47.6125982845943,-122.326466374784
79890,47.6165382557455,-122.33005903367
80001,47.5975316573533,-122.333402654695
80002,47.5960735030815,-122.333109294873
80017,47.613535331086,-122.335546843791
80021,47.6137864372784,-122.334937209592
80177,47.6082333804085,-122.342238588915
80185,47.6139240382801,-122.328065694591
80193,47.6088100030832,-122.343520672713
80198,47.6094915662281,-122.341463486178
80222,47.6150038513164,-122.32829706827
80273,47.6205548113712,-122.356838548981
80274,47.6203266655198,-122.356645523896
80277,47.6215428430316,-122.356831075832
80537,47.6233496424405,-122.355036918326
80538,47.6231818488842,-122.354884185163
80541,47.6233390461393,-122.348322626672
80542,47.6232096120132,-122.34839986089
80545,47.6232958581442,-122.340362264106
80550,47.6231433204216,-122.339164189049
80553,47.6231865354195,-122.332284785978
80554,47.6230544950957,-122.332445681396
80570,47.6578803204446,-122.317695307558
80594,47.674673298788,-122.317265801358
80598,47.6762158105431,-122.317258946963
80641,47.6255244453726,-122.3549016605
80645,47.6255010815952,-122.349379704565
80650,47.6253649887057,-122.346721867848
80657,47.6681865050445,-122.382694569553
80658,47.6682821026173,-122.382490789682
80730,47.6057844423847,-122.338156716171
80741,47.6106288320435,-122.326994456327
80742,47.6104855044596,-122.326882427285
80745,47.6114711772418,-122.324941897301
80746,47.6113654218854,-122.324778572871
80829,47.6048652282617,-122.338385779874
80833,47.6057800367645,-122.336187730649
80837,47.6080334841759,-122.330863708769
80841,47.6112200430292,-122.323175319879
80842,47.6111893311301,-122.322871079997
80878,47.6097666037615,-122.341900429808
80881,47.6125584656478,-122.338551910885
80882,47.6126150113349,-122.338161089286
80889,47.6154064415906,-122.334875077077
80890,47.6151782827087,-122.334852442733
80893,47.6161747370657,-122.333881200047
80894,47.6159558264507,-122.333846549207
80945,47.611336047117,-122.324019696725
80946,47.6113134017517,-122.323751103422
80949,47.6146434002139,-122.325630848854
80950,47.6147049538108,-122.32540459282
80953,47.6160273903028,-122.325664763974
80954,47.615986366335,-122.325416911713
81065,47.6184219282501,-122.346426046464
81070,47.6251385495566,-122.346160097353
81073,47.626884398721,-122.346348357178
81074,47.6269602386549,-122.346140900124
81105,47.60453574528,-122.32263936083
81113,47.6181542804054,-122.336925572072
81114,47.6181048155594,-122.336548807751
81117,47.6236407396855,-122.337236191523
81118,47.6236097914688,-122.337021518759
81125,47.6209717841578,-122.342999740872
81130,47.6207980263694,-122.341610176897
81133,47.6208980776041,-122.331112649738
81134,47.6207388960924,-122.331184741011
81185,47.6075581352536,-122.339913191454
81190,47.6099275685477,-122.333848273241
81198,47.6126803199605,-122.327346116658
81205,47.6122536888158,-122.325452925419
81206,47.6121578124618,-122.325289113347
81209,47.6610254752507,-122.313249700563
81210,47.6607556304532,-122.313033555267
81241,47.6258390522944,-122.336424020971
81242,47.6256693784058,-122.336506446377
81246,47.6258666811496,-122.333559969996
81249,47.6260397352266,-122.330493755964
81250,47.6259243483217,-122.330519817032
81289,47.6169241729905,-122.347673591467
81290,47.6168167107756,-122.347473250647
81293,47.6176145021008,-122.346808440396
81294,47.6174854334832,-122.346636014563
81342,47.6176425950594,-122.344806694585
81421,47.6237736745819,-122.35421444466
81422,47.6241370725496,-122.354004696464
81453,47.618343332558,-122.354246892065
81454,47.6181978058221,-122.354053475658
81477,47.6087422993763,-122.341619637573
81478,47.6088740526373,-122.341458954349
81482,47.6121226263296,-122.346193719023
81493,47.6223522159734,-122.338599182185
81497,47.6262449889099,-122.339149300534
81510,47.6302270988724,-122.340640496828
81685,47.6180201825408,-122.330730684558
81686,47.6178372111516,-122.330107157665
81694,47.6214331804187,-122.330320975552
81705,47.6017916675177,-122.331170390835
81706,47.6016384034271,-122.331328658743
82014,47.6219308238921,-122.320466401012
82222,47.6134821088463,-122.314986896058
82362,47.6241939249625,-122.32026606572
82654,47.6251801723065,-122.320488605795
82673,47.6122509303001,-122.318904217043
82674,47.6121103071,-122.319068636724
82833,47.6017766336038,-122.320462289767
82834,47.6016229685514,-122.320382065895
83222,47.6503331126654,-122.34905952462
83242,47.6513279729968,-122.350398121454
84641,47.6554296912253,-122.31390160917
84653,47.6569060829636,-122.313747324269
84654,47.6567795536782,-122.313714148586
84689,47.6583936167106,-122.313834088419
84690,47.6582511542207,-122.31384389733
84789,47.6631638468059,-122.313610215579
84790,47.6630274788731,-122.313713383633
85134,47.6740828763265,-122.316455874616
85149,47.6750610030987,-122.317799532752
85150,47.6749026518417,-122.317934828304
85381,47.6804678659096,-122.32527135565
85382,47.6803584713384,-122.325128438342
85385,47.6807463137312,-122.323898721995
85386,47.6807206738942,-122.323222779477
86057,47.6793055149988,-122.324986590023
86449,47.6695266473004,-122.385700105282
86450,47.6693753733235,-122.385315016643
87253,47.6687696197319,-122.382742348253
87254,47.6685828962013,-122.382438506515
87257,47.6687704808768,-122.383610170202
87258,47.668583863299,-122.383411919583
87281,47.6665959133133,-122.382995189381
87282,47.6664924901347,-122.382868217946
87285,47.6662250181831,-122.383646228768
87286,47.6661322787239,-122.383505897318
88546,47.5990901161217,-122.325572826391
88629,47.598369268781,-122.331030727369
88630,47.5982072748931,-122.330816838293
88633,47.5984209153878,-122.32538573505
88634,47.5982844016887,-122.325766033809
88773,47.6001187510633,-122.325688197089
88774,47.5999514075661,-122.325615826795
89525,47.6009546867954,-122.332361729825
89526,47.6008061467078,-122.332082668302
91546,47.6220390093491,-122.357231192966
91550,47.6220592125963,-122.362182966657
91725,47.6246719825033,-122.359939636223
91726,47.6245137210014,-122.359532691818
91826,47.623231108847,-122.360902555372
91829,47.6257910942775,-122.358388914683
91893,47.6210185979696,-122.359914479866
91894,47.6208875357517,-122.36004902859
91897,47.6210188460132,-122.360969137399
91898,47.6208911610083,-122.360793658141
94421,47.6083819606908,-122.342288543578
94602,47.6265812717896,-122.333854566364
94611,47.6279610046061,-122.332102849324
94612,47.6294431664995,-122.330210287001
94651,47.6041963506283,-122.330575146736
94677,47.6274825222147,-122.332689859232
94731,47.6676338227463,-122.396596654369
94732,47.6674723712627,-122.396217063507
94736,47.667377535175,-122.399025053798
95288,47.6006463557645,-122.314131552806
102621,47.605434917123,-122.320748930425
102632,47.6141194269244,-122.320781058709
104508,47.6276891293948,-122.332201678981
115112,47.5992043237896,-122.333848491305
115118,47.5991943683447,-122.327331277482
115121,47.5991879116352,-122.323386331871
115124,47.5991983248431,-122.315858222883
117879,47.6534414670355,-122.317388372646
117932,47.6535520798041,-122.317604141127
119444,47.5975881634413,-122.323026160144
120102,47.6282396961919,-122.329405908472
120105,47.6294643976494,-122.328993586283
120107,47.6295228419665,-122.328612976635
120166,47.6294660239701,-122.340631472972
120175,47.632397053253,-122.340548316473
120200,47.6363529092054,-122.340101310475
120222,47.6342286074831,-122.340063079305
120240,47.6372941086744,-122.340124970984
120403,47.5982792933624,-122.3243439428
120527,47.6324681735832,-122.340522262691
121340,47.6242064832219,-122.333730784938
121921,47.6119030617685,-122.347464889264
123744,47.5984218406706,-122.324335474607
123942,47.6130830689438,-122.33175739998
123943,47.6131824284253,-122.331605255426
129888,47.6261564314142,-122.337073668992
130708,47.660446537509,-122.316499555576
130793,47.6247576348621,-122.340673531127
130799,47.6247562164464,-122.337777164874
130802,47.6247904152949,-122.33646549067
131238,47.6216088654789,-122.360557432609
132441,47.6179049839101,-122.338485277987
134101,47.6168256977669,-122.320130580234
134961,47.6278421885311,-122.342446071857
134962,47.6276496087268,-122.342196343037
134965,47.629229653767,-122.342182290069
135261,47.6139683390448,-122.313835530197
136041,47.6096874087837,-122.336339979495
136322,47.6536649805954,-122.313912449255
